transaction_id,customer_id,transaction_date,transaction_time,amount,transaction_type,merchant,status,device_type,location
T00001,C0013,2024-03-05,12:20:18,57034.25,debit,Ajio,success,web,Kolkata
T00002,C0070,2024-04-26,01:18:35,17760.98,credit,BigBasket,success,mobile,Hyderabad
T00003,C0017,2024-01-07,20:05:16,66663.62,credit,Swiggy,success,web,Mumbai
T00004,C0065,2024-02-08,12:58:05,170286.81,debit,Zomato,success,tablet,Delhi
T00005,C0011,2024-04-04,02:09:45,190890.05,debit,Myntra,success,tablet,Chennai
T00006,C0097,2024-03-08,13:15:01,808.91,debit,Amazon,success,mobile,Chennai
T00007,C0079,2024-04-10,08:48:15,102616.57,debit,Ajio,success,mobile,Chennai
T00008,C0076,2024-04-27,01:30:31,134097.97,debit,Zomato,success,tablet,Jaipur
T00009,C0010,2024-01-10,10:19:51,169370.91,credit,Zomato,success,tablet,Mumbai
T00010,C0074,2024-04-29,03:48:52,194604.92,credit,Apple,success,web,Chennai
T00011,C0099,2024-03-19,22:06:18,108799.2,credit,Apple,success,tablet,Hyderabad
T00012,C0095,2024-01-24,06:18:50,75950.55,credit,Apple,failed,tablet,Chennai
T00013,C0029,2024-04-25,18:00:43,64921.18,credit,BigBasket,success,mobile,Mumbai
T00014,C0023,2024-04-12,08:32:28,29963.19,credit,Myntra,success,mobile,Bangalore
T00015,C0069,2024-01-14,23:39:33,26999.69,debit,Swiggy,success,mobile,Bangalore
T00016,C0060,2024-02-01,12:20:48,59273.89,credit,Apple,success,tablet,Bangalore
T00017,C0091,2024-02-05,01:53:23,4770.55,debit,Ajio,success,web,Delhi
T00018,C0054,2024-04-07,11:59:43,11490.54,debit,Myntra,success,mobile,Jaipur
T00019,C0014,2024-02-27,06:55:58,147649.76,debit,Flipkart,success,web,Bangalore
T00020,C0063,2024-04-03,11:06:13,7624.68,credit,Ajio,success,tablet,Jaipur
T00021,C0076,2024-01-07,03:40:28,171225.05,credit,Flipkart,success,web,Mumbai
T00022,C0086,2024-04-25,09:02:02,163310.61,debit,Reliance Digital,success,tablet,Bangalore
T00023,C0040,2024-01-13,08:38:33,19950.04,debit,Myntra,success,mobile,Mumbai
T00024,C0054,2024-04-30,03:44:39,131038.01,debit,Apple,success,web,Pune
T00025,C0070,2024-03-04,18:19:06,60153.15,debit,Apple,success,web,Bangalore
T00026,C0070,2024-04-11,20:05:31,120780.99,credit,Flipkart,success,mobile,Kolkata
T00027,C0071,2024-01-15,22:02:54,88599.75,debit,Amazon,failed,tablet,Pune
T00028,C0001,2024-02-20,05:00:17,136471.94,debit,Swiggy,success,web,Chennai
T00029,C0055,2024-03-04,18:25:59,123110.54,debit,Flipkart,success,tablet,Hyderabad
T00030,C0004,2024-03-15,08:55:45,157006.32,credit,Amazon,success,tablet,Delhi
T00031,C0084,2024-01-14,05:42:01,83414.24,credit,Myntra,success,mobile,Bangalore
T00032,C0063,2024-03-22,02:11:02,3727.45,debit,Reliance Digital,success,web,Mumbai
T00033,C0081,2024-01-27,09:08:55,67092.21,debit,Reliance Digital,success,tablet,Kolkata
T00034,C0039,2024-03-06,16:36:44,130948.65,credit,Zomato,success,web,Hyderabad
T00035,C0037,2024-01-13,00:21:24,59741.8,debit,Amazon,success,tablet,Kolkata
T00036,C0051,2024-02-12,00:01:54,159951.23,debit,Swiggy,success,tablet,Mumbai
T00037,C0081,2024-03-13,17:42:46,85339.51,debit,Amazon,success,tablet,Delhi
T00038,C0007,2024-02-22,02:18:57,129779.28,debit,Amazon,failed,mobile,Delhi
T00039,C0008,2024-04-25,17:19:18,176750.46,credit,Swiggy,success,tablet,Pune
T00040,C0048,2024-01-06,18:01:22,18623.13,debit,Ajio,success,mobile,Mumbai
T00041,C0083,2024-02-17,21:30:15,111898.33,debit,Flipkart,success,mobile,Kolkata
T00042,C0092,2024-01-20,22:16:59,52305.37,credit,Zomato,success,tablet,Bangalore
T00043,C0049,2024-04-12,22:32:49,152585.9,debit,Flipkart,failed,mobile,Mumbai
T00044,C0042,2024-03-27,16:42:34,61951.52,debit,Apple,success,mobile,Kolkata
T00045,C0025,2024-03-26,04:36:43,67106.84,credit,BigBasket,failed,mobile,Kolkata
T00046,C0092,2024-03-21,07:28:45,127949.26,credit,Uber,failed,mobile,Delhi
T00047,C0081,2024-01-01,06:02:15,68220.53,credit,BigBasket,failed,mobile,Chennai
T00048,C0028,2024-04-03,05:45:12,197120.61,credit,Zomato,success,tablet,Jaipur
T00049,C0006,2024-04-08,02:14:05,11579.71,debit,Ajio,success,tablet,Delhi
T00050,C0078,2024-03-17,06:49:25,160450.46,credit,Ajio,success,tablet,Chennai
T00051,C0061,2024-02-17,14:54:45,76152.89,debit,Amazon,failed,mobile,Bangalore
T00052,C0031,2024-04-20,21:56:08,183726.04,debit,Ajio,success,mobile,Delhi
T00053,C0057,2024-03-27,09:33:17,180277.29,credit,BigBasket,success,web,Chennai
T00054,C0005,2024-02-16,23:45:26,78964.28,credit,Uber,success,tablet,Chennai
T00055,C0015,2024-01-12,07:45:05,190582.71,debit,Apple,success,mobile,Chennai
T00056,C0099,2024-03-25,21:59:53,1958.78,credit,BigBasket,success,mobile,Pune
T00057,C0051,2024-02-11,11:59:31,89910.0,debit,Amazon,success,tablet,Mumbai
T00058,C0029,2024-04-29,06:15:04,59127.72,credit,Apple,success,web,Bangalore
T00059,C0089,2024-02-04,17:01:26,18615.04,debit,Ajio,success,tablet,Hyderabad
T00060,C0082,2024-01-29,17:57:24,83843.52,debit,Amazon,success,tablet,Jaipur
T00061,C0064,2024-02-01,13:47:13,11753.67,credit,Apple,success,tablet,Jaipur
T00062,C0012,2024-03-29,06:57:19,191428.08,credit,Zomato,success,tablet,Mumbai
T00063,C0023,2024-04-22,00:31:04,35512.84,credit,Swiggy,success,web,Bangalore
T00064,C0013,2024-03-19,21:03:05,166742.88,credit,Myntra,success,tablet,Pune
T00065,C0010,2024-02-17,11:00:31,65212.41,credit,Zomato,success,mobile,Chennai
T00066,C0007,2024-02-18,03:47:02,33901.71,credit,Swiggy,success,web,Delhi
T00067,C0027,2024-01-10,06:04:50,39306.67,credit,Flipkart,failed,tablet,Delhi
T00068,C0055,2024-02-15,09:53:40,148824.97,credit,Swiggy,success,tablet,Chennai
T00069,C0008,2024-04-04,08:14:13,50398.02,debit,Flipkart,success,tablet,Mumbai
T00070,C0095,2024-02-10,10:37:19,179858.73,credit,Amazon,success,web,Pune
T00071,C0067,2024-02-17,01:56:08,61515.37,debit,Flipkart,success,mobile,Chennai
T00072,C0035,2024-01-28,06:03:52,77147.08,credit,Swiggy,success,web,Mumbai
T00073,C0085,2024-03-26,19:42:42,129125.67,debit,Myntra,success,web,Delhi
T00074,C0065,2024-04-20,22:22:53,66816.7,debit,Uber,success,web,Chennai
T00075,C0005,2024-03-05,23:17:03,87499.56,debit,Amazon,success,tablet,Delhi
T00076,C0086,2024-01-25,13:39:39,49495.52,credit,Amazon,success,tablet,Chennai
T00077,C0096,2024-01-17,19:14:19,160409.0,credit,Apple,success,web,Jaipur
T00078,C0041,2024-03-02,16:11:43,112674.57,debit,Apple,success,mobile,Pune
T00079,C0051,2024-04-12,22:59:46,196793.45,credit,Zomato,success,mobile,Pune
T00080,C0043,2024-02-10,22:42:38,39621.62,debit,Reliance Digital,success,web,Kolkata
T00081,C0092,2024-02-22,17:23:13,123088.5,credit,Myntra,success,mobile,Pune
T00082,C0052,2024-03-03,07:11:04,73284.02,credit,Zomato,success,tablet,Hyderabad
T00083,C0085,2024-01-22,10:23:49,45568.59,debit,Uber,success,mobile,Mumbai
T00084,C0070,2024-03-10,07:25:43,40440.32,debit,Zomato,success,tablet,Chennai
T00085,C0019,2024-03-14,10:06:48,179829.02,credit,Reliance Digital,success,mobile,Mumbai
T00086,C0002,2024-01-03,04:07:55,98969.68,debit,BigBasket,success,mobile,Jaipur
T00087,C0041,2024-04-09,01:03:19,120798.46,debit,Swiggy,success,mobile,Pune
T00088,C0088,2024-01-29,03:39:05,123307.95,debit,Flipkart,success,web,Kolkata
T00089,C0071,2024-04-20,12:14:17,54089.7,credit,Reliance Digital,success,mobile,Delhi
T00090,C0096,2024-02-29,00:12:34,46240.48,debit,Uber,success,web,Chennai
T00091,C0051,2024-01-15,04:11:36,157472.79,credit,Zomato,success,web,Hyderabad
T00092,C0045,2024-03-13,08:22:03,86739.18,credit,Amazon,success,mobile,Pune
T00093,C0039,2024-04-07,04:10:42,138646.01,credit,Amazon,success,mobile,Hyderabad
T00094,C0079,2024-04-23,10:02:47,64821.75,debit,Swiggy,success,tablet,Mumbai
T00095,C0089,2024-04-01,19:25:12,97700.22,credit,Apple,success,web,Jaipur
T00096,C0042,2024-04-26,12:15:52,142019.7,debit,Myntra,failed,mobile,Mumbai
T00097,C0025,2024-03-12,09:28:44,72920.34,debit,Swiggy,success,tablet,Mumbai
T00098,C0006,2024-02-14,07:33:43,157736.82,debit,Uber,success,mobile,Hyderabad
T00099,C0097,2024-03-20,23:33:58,56400.12,debit,Apple,success,mobile,Kolkata
T00100,C0037,2024-01-13,02:47:59,89673.43,debit,Ajio,failed,web,Jaipur
T00101,C0007,2024-04-15,14:32:35,49072.21,debit,Apple,success,web,Chennai
T00102,C0038,2024-01-09,10:06:23,44135.56,debit,Zomato,success,web,Hyderabad
T00103,C0034,2024-04-09,01:25:35,145749.21,credit,Myntra,success,tablet,Hyderabad
T00104,C0091,2024-04-23,05:37:49,177558.23,credit,BigBasket,success,web,Delhi
T00105,C0031,2024-04-16,10:40:36,145250.92,credit,Apple,success,web,Jaipur
T00106,C0026,2024-01-14,00:49:27,13077.47,credit,Flipkart,success,tablet,Chennai
T00107,C0030,2024-04-21,10:34:15,150989.45,debit,Apple,success,tablet,Mumbai
T00108,C0060,2024-03-08,02:57:50,137101.28,debit,Myntra,failed,mobile,Bangalore
T00109,C0024,2024-01-17,04:26:09,95543.33,debit,Reliance Digital,success,mobile,Mumbai
T00110,C0009,2024-03-19,16:26:16,71347.97,debit,Flipkart,success,web,Pune
T00111,C0078,2024-02-18,01:54:44,170008.64,credit,Flipkart,success,web,Chennai
T00112,C0047,2024-02-09,15:48:48,124396.29,credit,Uber,success,tablet,Chennai
T00113,C0042,2024-03-01,08:32:09,41828.74,credit,BigBasket,success,mobile,Kolkata
T00114,C0045,2024-02-19,16:23:30,80623.33,credit,Apple,success,tablet,Chennai
T00115,C0054,2024-04-11,03:17:08,140236.49,debit,BigBasket,success,tablet,Mumbai
T00116,C0078,2024-03-14,23:34:00,155742.05,credit,Myntra,success,mobile,Delhi
T00117,C0072,2024-03-09,15:09:38,61590.84,credit,Flipkart,success,tablet,Chennai
T00118,C0030,2024-01-07,00:53:43,166757.9,credit,Apple,success,web,Kolkata
T00119,C0073,2024-02-11,11:41:38,113280.61,debit,Myntra,success,mobile,Kolkata
T00120,C0066,2024-03-29,23:29:08,93579.81,credit,Uber,success,web,Hyderabad
T00121,C0036,2024-04-10,10:45:28,29438.22,debit,Swiggy,failed,tablet,Delhi
T00122,C0050,2024-02-23,07:54:40,171695.33,credit,Swiggy,success,mobile,Jaipur
T00123,C0028,2024-04-19,05:55:21,135321.64,debit,Swiggy,success,tablet,Jaipur
T00124,C0042,2024-04-30,22:57:41,192426.34,debit,Swiggy,failed,mobile,Delhi
T00125,C0004,2024-01-10,02:35:28,158499.78,credit,Apple,success,tablet,Jaipur
T00126,C0046,2024-02-10,19:21:32,177927.6,credit,BigBasket,failed,tablet,Kolkata
T00127,C0035,2024-01-27,07:27:12,87557.04,debit,Apple,success,tablet,Bangalore
T00128,C0003,2024-03-08,03:49:03,83899.42,credit,Swiggy,success,mobile,Bangalore
T00129,C0021,2024-01-02,10:47:58,25528.3,credit,Swiggy,success,web,Hyderabad
T00130,C0054,2024-04-02,10:39:41,80219.92,debit,Myntra,success,mobile,Delhi
T00131,C0050,2024-02-01,10:40:04,162256.26,debit,Ajio,success,tablet,Mumbai
T00132,C0008,2024-02-05,17:31:36,20496.93,credit,Ajio,success,web,Mumbai
T00133,C0032,2024-01-27,11:42:38,63272.87,debit,BigBasket,success,tablet,Mumbai
T00134,C0019,2024-02-11,12:46:20,2436.63,credit,Apple,success,mobile,Hyderabad
T00135,C0073,2024-01-14,15:58:42,5423.47,credit,Zomato,success,tablet,Chennai
T00136,C0014,2024-02-09,01:13:24,80294.48,credit,Swiggy,success,mobile,Mumbai
T00137,C0073,2024-04-27,03:32:27,43529.67,credit,Swiggy,success,web,Chennai
T00138,C0085,2024-03-01,16:02:22,36444.72,credit,Uber,success,mobile,Jaipur
T00139,C0003,2024-02-13,20:39:23,43188.3,credit,Amazon,success,tablet,Mumbai
T00140,C0063,2024-03-07,17:33:00,24953.66,debit,BigBasket,success,web,Pune
T00141,C0006,2024-03-17,02:28:31,163924.46,debit,BigBasket,failed,web,Jaipur
T00142,C0049,2024-02-12,10:24:29,137518.49,credit,Flipkart,success,mobile,Mumbai
T00143,C0061,2024-04-28,02:42:48,168273.74,debit,Flipkart,success,tablet,Chennai
T00144,C0084,2024-01-15,12:05:58,112447.53,debit,Amazon,failed,mobile,Chennai
T00145,C0023,2024-03-26,01:18:43,99272.89,debit,Reliance Digital,success,tablet,Bangalore
T00146,C0095,2024-03-02,15:00:36,4676.47,credit,BigBasket,success,tablet,Bangalore
T00147,C0038,2024-02-24,01:11:05,13184.99,credit,Flipkart,success,web,Pune
T00148,C0082,2024-03-18,11:51:51,66391.0,credit,Flipkart,success,mobile,Mumbai
T00149,C0093,2024-02-28,12:37:23,164995.93,debit,BigBasket,success,web,Chennai
T00150,C0068,2024-04-04,08:39:45,64257.62,credit,Zomato,success,mobile,Mumbai
T00151,C0027,2024-01-10,08:33:50,64036.49,credit,Myntra,success,mobile,Pune
T00152,C0055,2024-02-21,07:40:26,147892.19,debit,BigBasket,success,web,Jaipur
T00153,C0066,2024-02-09,06:21:29,34570.5,credit,Myntra,success,web,Hyderabad
T00154,C0034,2024-01-10,23:57:35,114157.71,debit,Uber,success,web,Hyderabad
T00155,C0047,2024-01-21,14:40:55,156791.59,debit,Swiggy,success,web,Mumbai
T00156,C0035,2024-04-15,19:42:19,17952.35,debit,Myntra,success,web,Kolkata
T00157,C0005,2024-02-01,17:04:39,49670.82,debit,Apple,success,web,Pune
T00158,C0067,2024-04-21,23:34:42,166176.75,credit,Myntra,success,web,Mumbai
T00159,C0099,2024-03-05,16:36:22,50197.56,debit,Swiggy,success,mobile,Chennai
T00160,C0021,2024-02-05,09:16:03,139753.23,debit,Zomato,success,tablet,Kolkata
T00161,C0011,2024-03-12,06:30:33,80199.38,credit,Ajio,success,web,Bangalore
T00162,C0002,2024-01-23,16:11:13,148125.51,credit,Flipkart,success,tablet,Delhi
T00163,C0046,2024-01-11,11:18:45,191383.22,debit,Flipkart,success,web,Kolkata
T00164,C0008,2024-02-10,15:54:36,149507.71,debit,Ajio,success,web,Delhi
T00165,C0072,2024-04-13,03:16:59,66556.08,credit,Zomato,success,web,Mumbai
T00166,C0008,2024-01-24,05:04:28,137637.01,credit,Ajio,success,mobile,Mumbai
T00167,C0014,2024-01-22,00:38:28,194779.77,credit,Reliance Digital,success,web,Chennai
T00168,C0098,2024-02-17,02:44:51,139892.42,credit,Zomato,success,tablet,Hyderabad
T00169,C0030,2024-04-12,01:50:42,181063.81,debit,Amazon,success,mobile,Chennai
T00170,C0005,2024-01-30,03:58:39,170600.83,credit,Myntra,success,tablet,Jaipur
T00171,C0018,2024-03-18,02:35:12,130471.78,credit,Zomato,success,tablet,Jaipur
T00172,C0064,2024-04-17,13:17:34,33727.82,credit,Uber,failed,mobile,Delhi
T00173,C0060,2024-01-15,20:45:29,81647.11,debit,BigBasket,failed,web,Chennai
T00174,C0020,2024-02-11,10:42:58,46686.39,debit,Myntra,success,tablet,Jaipur
T00175,C0070,2024-04-20,17:07:54,175573.21,debit,Zomato,success,tablet,Bangalore
T00176,C0010,2024-03-22,09:31:58,159310.14,credit,Swiggy,success,mobile,Hyderabad
T00177,C0030,2024-03-26,19:31:18,120999.32,debit,Myntra,success,web,Chennai
T00178,C0096,2024-01-23,09:19:46,52377.6,debit,Ajio,success,mobile,Mumbai
T00179,C0085,2024-04-13,10:34:11,55125.49,credit,Apple,success,mobile,Kolkata
T00180,C0079,2024-01-26,04:28:14,31078.38,debit,Uber,success,web,Pune
T00181,C0047,2024-01-05,06:05:40,52640.37,credit,Uber,success,tablet,Kolkata
T00182,C0084,2024-03-31,19:05:24,106292.71,debit,Flipkart,success,tablet,Bangalore
T00183,C0057,2024-01-30,12:07:20,14977.61,debit,Amazon,success,web,Jaipur
T00184,C0086,2024-03-13,22:20:14,16984.89,debit,Reliance Digital,success,tablet,Mumbai
T00185,C0004,2024-01-05,09:52:38,3532.12,credit,Reliance Digital,failed,web,Hyderabad
T00186,C0083,2024-01-19,07:43:48,54630.56,debit,Amazon,success,mobile,Mumbai
T00187,C0008,2024-04-25,03:12:39,779.19,credit,Apple,failed,web,Jaipur
T00188,C0013,2024-01-14,19:57:53,187840.49,credit,Flipkart,failed,web,Hyderabad
T00189,C0008,2024-02-01,09:56:01,25041.79,credit,Myntra,success,web,Jaipur
T00190,C0060,2024-02-10,21:52:15,102403.04,debit,Apple,success,web,Kolkata
T00191,C0003,2024-03-24,14:56:45,64030.59,debit,Reliance Digital,success,tablet,Pune
T00192,C0038,2024-01-21,18:34:20,43814.82,credit,Reliance Digital,success,tablet,Jaipur
T00193,C0041,2024-04-15,15:16:12,193190.4,credit,Uber,success,tablet,Mumbai
T00194,C0033,2024-03-22,05:29:27,115428.97,debit,Reliance Digital,success,tablet,Bangalore
T00195,C0031,2024-03-07,17:30:48,55863.94,debit,Amazon,success,tablet,Kolkata
T00196,C0090,2024-02-25,11:27:20,18573.78,credit,Swiggy,success,mobile,Pune
T00197,C0019,2024-01-14,16:22:24,141177.02,credit,Flipkart,success,mobile,Delhi
T00198,C0028,2024-04-08,13:44:26,148355.1,credit,Zomato,success,web,Bangalore
T00199,C0038,2024-03-28,10:41:54,16934.22,credit,Amazon,failed,web,Delhi
T00200,C0028,2024-03-04,18:56:33,111078.54,debit,Amazon,failed,mobile,Jaipur
T00201,C0052,2024-01-22,19:06:08,58798.98,credit,BigBasket,success,mobile,Hyderabad
T00202,C0001,2024-01-01,03:52:35,128883.57,credit,BigBasket,success,tablet,Bangalore
T00203,C0017,2024-03-31,00:35:50,74109.1,debit,Amazon,failed,tablet,Kolkata
T00204,C0078,2024-03-08,04:10:45,21241.86,credit,Amazon,success,mobile,Mumbai
T00205,C0094,2024-02-25,21:45:10,49239.14,debit,Ajio,success,mobile,Kolkata
T00206,C0069,2024-01-16,02:59:27,18264.55,credit,Reliance Digital,failed,web,Jaipur
T00207,C0072,2024-01-19,19:00:04,63950.61,credit,Myntra,success,mobile,Bangalore
T00208,C0064,2024-01-16,23:34:51,84356.68,debit,Uber,success,mobile,Delhi
T00209,C0026,2024-04-17,03:40:13,87660.46,credit,Zomato,success,mobile,Pune
T00210,C0091,2024-01-05,15:26:24,134728.23,debit,Zomato,success,tablet,Kolkata
T00211,C0091,2024-02-08,23:27:49,13774.84,debit,Reliance Digital,success,web,Jaipur
T00212,C0017,2024-04-22,20:32:16,137236.13,credit,Amazon,failed,tablet,Chennai
T00213,C0043,2024-02-16,22:00:18,161887.83,debit,Zomato,success,tablet,Pune
T00214,C0069,2024-04-25,09:05:06,184446.28,credit,Zomato,success,web,Delhi
T00215,C0001,2024-01-07,02:32:13,32413.87,debit,Myntra,success,tablet,Mumbai
T00216,C0038,2024-01-19,21:11:48,54703.07,credit,Reliance Digital,success,tablet,Bangalore
T00217,C0064,2024-01-24,10:57:39,46083.9,debit,Uber,success,web,Jaipur
T00218,C0023,2024-01-23,13:36:02,109784.93,debit,BigBasket,success,tablet,Pune
T00219,C0025,2024-02-16,13:27:54,177221.87,debit,Amazon,success,tablet,Mumbai
T00220,C0035,2024-01-19,04:43:51,22566.72,debit,Ajio,success,tablet,Kolkata
T00221,C0020,2024-02-17,08:02:30,156287.87,credit,Amazon,failed,tablet,Bangalore
T00222,C0049,2024-01-23,01:33:17,6609.28,debit,Amazon,success,tablet,Pune
T00223,C0024,2024-04-24,10:48:51,146955.31,credit,BigBasket,success,tablet,Kolkata
T00224,C0099,2024-04-03,14:45:02,47434.19,debit,Apple,success,web,Pune
T00225,C0005,2024-01-13,05:38:23,15391.74,debit,Zomato,success,mobile,Jaipur
T00226,C0041,2024-01-24,06:13:56,172507.2,credit,Swiggy,success,mobile,Pune
T00227,C0010,2024-04-13,04:36:23,109498.02,credit,Zomato,success,mobile,Mumbai
T00228,C0086,2024-01-25,00:22:35,137342.23,debit,Flipkart,failed,tablet,Chennai
T00229,C0032,2024-03-02,02:39:55,191832.87,credit,Flipkart,success,tablet,Mumbai
T00230,C0038,2024-03-26,13:14:51,37494.79,debit,Myntra,success,web,Hyderabad
T00231,C0024,2024-01-27,09:32:30,22445.93,credit,Ajio,success,mobile,Mumbai
T00232,C0029,2024-04-13,06:48:27,109556.32,credit,Zomato,success,tablet,Pune
T00233,C0050,2024-01-14,02:18:02,46306.83,debit,Swiggy,success,tablet,Bangalore
T00234,C0051,2024-02-23,03:36:22,184655.88,credit,BigBasket,success,tablet,Jaipur
T00235,C0064,2024-02-08,12:19:46,185905.96,credit,Amazon,success,tablet,Jaipur
T00236,C0066,2024-04-20,08:13:47,136887.62,credit,Apple,success,tablet,Pune
T00237,C0016,2024-02-24,10:01:59,150212.45,credit,Uber,success,mobile,Bangalore
T00238,C0054,2024-02-06,07:51:55,109839.31,debit,BigBasket,success,tablet,Jaipur
T00239,C0061,2024-04-25,13:41:06,23205.14,debit,BigBasket,success,web,Kolkata
T00240,C0078,2024-02-22,13:50:08,27877.25,credit,Ajio,success,mobile,Jaipur
T00241,C0044,2024-01-28,06:44:02,2893.98,credit,Ajio,success,tablet,Hyderabad
T00242,C0063,2024-01-30,06:51:39,31199.59,debit,Myntra,success,web,Hyderabad
T00243,C0063,2024-01-05,03:58:23,172198.48,credit,Zomato,success,tablet,Mumbai
T00244,C0049,2024-02-19,00:39:51,183628.43,credit,Reliance Digital,failed,mobile,Chennai
T00245,C0072,2024-01-21,17:33:57,173086.52,debit,Zomato,success,tablet,Delhi
T00246,C0025,2024-02-24,13:15:18,24131.09,credit,Flipkart,success,mobile,Delhi
T00247,C0098,2024-04-21,02:31:03,62433.71,debit,Reliance Digital,success,mobile,Bangalore
T00248,C0043,2024-01-04,17:28:54,140679.47,credit,Apple,failed,mobile,Delhi
T00249,C0088,2024-01-16,03:43:55,174059.71,credit,Swiggy,success,tablet,Kolkata
T00250,C0095,2024-04-15,02:57:05,152286.05,credit,Zomato,success,tablet,Hyderabad
T00251,C0092,2024-01-04,23:03:51,99436.37,debit,Uber,success,mobile,Delhi
T00252,C0004,2024-04-11,22:03:39,82649.55,credit,Flipkart,success,web,Kolkata
T00253,C0071,2024-04-28,14:40:33,78044.28,credit,Swiggy,success,mobile,Mumbai
T00254,C0003,2024-01-19,10:53:00,35855.04,credit,Zomato,success,web,Hyderabad
T00255,C0009,2024-01-17,00:52:21,144781.54,credit,Apple,failed,mobile,Chennai
T00256,C0043,2024-03-15,22:50:13,83399.65,credit,Zomato,success,tablet,Jaipur
T00257,C0071,2024-04-30,12:45:06,48824.37,debit,Zomato,success,tablet,Hyderabad
T00258,C0083,2024-04-22,21:14:16,59355.86,credit,Ajio,success,mobile,Jaipur
T00259,C0066,2024-01-04,06:06:25,91026.19,credit,Apple,success,web,Chennai
T00260,C0074,2024-02-19,03:31:57,162029.32,credit,Zomato,success,web,Delhi
T00261,C0088,2024-03-13,02:56:29,146547.56,debit,BigBasket,success,web,Chennai
T00262,C0001,2024-01-13,08:56:13,94877.45,credit,Ajio,success,web,Mumbai
T00263,C0083,2024-01-02,13:30:54,142902.74,credit,Reliance Digital,success,mobile,Hyderabad
T00264,C0050,2024-03-04,10:05:23,192415.18,debit,Apple,success,web,Kolkata
T00265,C0039,2024-02-14,22:52:53,106793.13,debit,Ajio,failed,web,Chennai
T00266,C0041,2024-03-01,15:44:32,62888.02,credit,Zomato,failed,tablet,Pune
T00267,C0061,2024-04-20,01:15:01,59277.81,credit,Apple,success,web,Mumbai
T00268,C0087,2024-04-11,23:17:52,66975.79,credit,BigBasket,failed,mobile,Jaipur
T00269,C0024,2024-01-07,11:28:08,170824.79,credit,BigBasket,success,web,Hyderabad
T00270,C0064,2024-01-26,21:06:43,170583.16,credit,Uber,failed,tablet,Delhi
T00271,C0075,2024-01-14,08:27:35,14428.23,debit,BigBasket,success,mobile,Kolkata
T00272,C0050,2024-03-20,23:42:42,165465.87,debit,Swiggy,success,mobile,Jaipur
T00273,C0069,2024-04-25,08:41:18,176494.49,credit,Flipkart,success,tablet,Jaipur
T00274,C0069,2024-01-01,06:39:47,148132.93,credit,Swiggy,success,web,Chennai
T00275,C0040,2024-02-13,03:14:01,83299.61,credit,Uber,success,web,Delhi
T00276,C0014,2024-04-09,20:31:17,192317.94,debit,Apple,success,mobile,Pune
T00277,C0091,2024-03-17,18:30:43,138484.0,debit,Uber,success,web,Hyderabad
T00278,C0038,2024-04-18,11:42:18,119290.7,credit,Zomato,success,mobile,Pune
T00279,C0071,2024-02-08,01:03:40,54679.23,debit,Zomato,success,mobile,Bangalore
T00280,C0014,2024-02-25,09:29:46,90829.38,credit,Flipkart,failed,tablet,Kolkata
T00281,C0010,2024-02-29,06:46:26,8001.97,credit,Ajio,success,web,Bangalore
T00282,C0079,2024-01-01,02:31:33,94319.0,debit,Uber,failed,mobile,Pune
T00283,C0056,2024-04-22,01:00:35,11359.12,debit,Ajio,success,mobile,Bangalore
T00284,C0092,2024-03-23,09:09:22,99841.42,debit,Flipkart,success,web,Hyderabad
T00285,C0043,2024-02-09,17:22:34,102626.98,debit,Ajio,success,tablet,Delhi
T00286,C0009,2024-01-30,10:52:17,80716.76,credit,Amazon,success,mobile,Jaipur
T00287,C0049,2024-03-16,11:02:54,35464.46,debit,Uber,failed,mobile,Hyderabad
T00288,C0016,2024-04-09,05:51:12,99141.61,debit,Flipkart,success,mobile,Jaipur
T00289,C0015,2024-04-22,11:22:35,135797.16,debit,Amazon,success,mobile,Kolkata
T00290,C0013,2024-02-01,14:38:32,5350.76,debit,Uber,success,tablet,Chennai
T00291,C0076,2024-02-14,08:42:51,154612.97,debit,Uber,success,mobile,Kolkata
T00292,C0099,2024-04-10,23:59:20,36490.11,credit,Amazon,success,tablet,Chennai
T00293,C0096,2024-02-17,01:42:58,161.89,credit,Apple,success,web,Hyderabad
T00294,C0087,2024-03-23,07:11:07,20327.89,debit,Apple,success,tablet,Bangalore
T00295,C0043,2024-01-22,02:26:33,75119.83,credit,Myntra,success,mobile,Kolkata
T00296,C0019,2024-03-15,13:42:00,35645.74,debit,Swiggy,success,mobile,Mumbai
T00297,C0055,2024-04-03,13:50:56,162027.84,credit,Amazon,success,mobile,Jaipur
T00298,C0042,2024-01-28,12:08:16,198280.11,debit,Uber,failed,mobile,Hyderabad
T00299,C0007,2024-01-21,08:58:27,172394.48,credit,Amazon,success,mobile,Bangalore
T00300,C0100,2024-04-18,20:47:23,178848.58,debit,Uber,failed,web,Jaipur
T00301,C0072,2024-01-18,21:50:40,82569.35,credit,Myntra,failed,web,Kolkata
T00302,C0063,2024-04-15,04:57:41,122275.41,credit,Reliance Digital,success,tablet,Jaipur
T00303,C0063,2024-04-02,16:57:25,24769.98,debit,Zomato,success,web,Delhi
T00304,C0099,2024-01-31,00:35:57,76975.15,credit,Swiggy,success,mobile,Bangalore
T00305,C0018,2024-01-23,07:39:30,125513.49,credit,Myntra,success,web,Mumbai
T00306,C0098,2024-02-29,03:55:23,38894.16,debit,Ajio,success,tablet,Kolkata
T00307,C0036,2024-03-01,08:40:26,86783.88,debit,Amazon,failed,mobile,Chennai
T00308,C0022,2024-03-17,07:00:44,177579.49,debit,Myntra,success,tablet,Mumbai
T00309,C0039,2024-04-25,08:14:51,192712.97,debit,Reliance Digital,success,mobile,Hyderabad
T00310,C0019,2024-04-24,10:42:33,130386.27,credit,Uber,success,mobile,Bangalore
T00311,C0100,2024-02-11,16:51:12,171091.22,credit,Apple,failed,tablet,Hyderabad
T00312,C0079,2024-01-05,20:10:51,115054.86,debit,Swiggy,success,mobile,Chennai
T00313,C0065,2024-03-30,22:24:26,101888.81,credit,Zomato,success,mobile,Bangalore
T00314,C0072,2024-03-31,01:41:04,31938.38,credit,Apple,success,tablet,Chennai
T00315,C0054,2024-02-18,15:34:57,126601.81,debit,Reliance Digital,failed,mobile,Jaipur
T00316,C0081,2024-03-23,20:42:31,150063.21,debit,Amazon,success,tablet,Jaipur
T00317,C0032,2024-02-21,07:51:00,142368.15,debit,Amazon,success,tablet,Bangalore
T00318,C0093,2024-01-25,04:14:19,175064.31,debit,Flipkart,failed,web,Bangalore
T00319,C0060,2024-03-15,23:59:21,68316.59,debit,Apple,success,mobile,Hyderabad
T00320,C0073,2024-04-03,03:04:18,105106.63,credit,Swiggy,failed,mobile,Delhi
T00321,C0010,2024-04-29,18:48:38,193984.22,credit,Swiggy,success,web,Chennai
T00322,C0023,2024-03-21,01:25:30,199926.51,credit,Apple,success,mobile,Chennai
T00323,C0029,2024-02-23,22:21:01,146156.44,credit,BigBasket,success,web,Bangalore
T00324,C0040,2024-01-16,02:41:38,150831.13,credit,Myntra,failed,tablet,Jaipur
T00325,C0099,2024-01-15,22:22:56,27074.9,debit,BigBasket,success,mobile,Kolkata
T00326,C0019,2024-02-01,09:17:23,116500.02,credit,Amazon,success,mobile,Delhi
T00327,C0009,2024-03-31,23:16:13,92569.66,credit,Apple,success,web,Hyderabad
T00328,C0088,2024-02-22,03:31:46,137476.66,credit,Reliance Digital,success,mobile,Chennai
T00329,C0040,2024-02-10,21:32:26,9759.59,credit,Amazon,success,tablet,Kolkata
T00330,C0052,2024-03-18,21:45:37,2679.71,debit,Myntra,success,mobile,Bangalore
T00331,C0090,2024-01-15,02:41:00,124353.85,debit,Apple,failed,tablet,Chennai
T00332,C0066,2024-04-30,12:24:24,6405.56,debit,Swiggy,success,tablet,Chennai
T00333,C0022,2024-01-14,05:40:04,107761.1,debit,Myntra,success,tablet,Jaipur
T00334,C0094,2024-03-17,18:04:58,84754.54,debit,Amazon,failed,tablet,Hyderabad
T00335,C0077,2024-01-21,13:59:09,143953.4,credit,Apple,success,mobile,Chennai
T00336,C0032,2024-02-24,06:06:26,148134.48,credit,Reliance Digital,failed,web,Kolkata
T00337,C0043,2024-01-21,01:18:53,70821.65,debit,Uber,success,tablet,Pune
T00338,C0011,2024-02-06,03:51:00,115644.54,credit,Amazon,failed,mobile,Mumbai
T00339,C0046,2024-02-24,11:25:40,25180.58,debit,BigBasket,failed,tablet,Kolkata
T00340,C0097,2024-03-03,21:43:09,75994.11,credit,Swiggy,success,web,Chennai
T00341,C0081,2024-04-22,10:52:24,184862.76,credit,Myntra,success,tablet,Hyderabad
T00342,C0012,2024-02-18,09:37:49,47364.15,credit,Zomato,success,mobile,Kolkata
T00343,C0049,2024-03-29,23:30:31,196769.08,debit,Zomato,success,mobile,Jaipur
T00344,C0020,2024-01-29,17:11:55,82282.65,debit,Amazon,success,web,Hyderabad
T00345,C0003,2024-01-24,23:52:08,69881.65,credit,Apple,success,mobile,Mumbai
T00346,C0087,2024-02-12,09:25:38,183259.17,debit,Zomato,success,tablet,Delhi
T00347,C0075,2024-02-15,08:03:18,143188.51,debit,Apple,failed,mobile,Mumbai
T00348,C0071,2024-04-27,12:21:44,33600.91,credit,Zomato,success,tablet,Chennai
T00349,C0028,2024-02-24,22:09:32,4688.55,credit,Myntra,failed,mobile,Pune
T00350,C0047,2024-04-21,04:15:22,182626.87,debit,Myntra,success,tablet,Kolkata
T00351,C0006,2024-03-10,23:24:10,103210.69,debit,Uber,success,mobile,Delhi
T00352,C0004,2024-04-28,01:04:25,74789.75,credit,Swiggy,failed,tablet,Pune
T00353,C0039,2024-03-14,12:45:56,138198.13,credit,Swiggy,success,tablet,Bangalore
T00354,C0096,2024-03-23,21:36:57,9314.33,credit,Myntra,success,web,Chennai
T00355,C0073,2024-03-19,17:48:46,134332.3,debit,Uber,success,mobile,Mumbai
T00356,C0078,2024-02-15,21:15:01,64688.82,credit,Apple,success,tablet,Jaipur
T00357,C0009,2024-03-27,17:47:18,58092.32,debit,Uber,success,web,Chennai
T00358,C0064,2024-01-25,16:08:45,122341.24,credit,Apple,success,tablet,Pune
T00359,C0080,2024-03-21,10:25:01,102415.9,debit,Amazon,success,tablet,Pune
T00360,C0074,2024-01-17,12:15:19,113684.3,credit,Reliance Digital,success,web,Delhi
T00361,C0030,2024-01-22,18:28:23,30800.47,debit,BigBasket,success,web,Mumbai
T00362,C0040,2024-04-28,01:55:09,107772.45,credit,Myntra,success,web,Delhi
T00363,C0060,2024-02-10,12:40:57,69083.84,debit,BigBasket,success,tablet,Kolkata
T00364,C0080,2024-02-20,20:49:45,29708.84,debit,Amazon,success,web,Delhi
T00365,C0059,2024-04-02,04:29:39,125091.02,credit,Reliance Digital,success,mobile,Jaipur
T00366,C0052,2024-04-24,21:53:21,20078.73,credit,Swiggy,failed,web,Jaipur
T00367,C0062,2024-02-28,20:33:15,181571.43,debit,Myntra,success,mobile,Pune
T00368,C0088,2024-02-20,15:16:47,86004.93,credit,Apple,success,web,Hyderabad
T00369,C0054,2024-01-24,18:18:54,43906.66,credit,BigBasket,success,web,Jaipur
T00370,C0012,2024-01-30,03:11:23,79357.4,debit,Apple,success,tablet,Jaipur
T00371,C0010,2024-01-21,03:45:07,27590.36,debit,Ajio,success,mobile,Mumbai
T00372,C0049,2024-02-11,03:48:50,125931.41,debit,BigBasket,success,web,Kolkata
T00373,C0091,2024-04-01,04:39:39,172239.2,debit,Ajio,success,tablet,Hyderabad
T00374,C0050,2024-01-13,09:24:49,84655.32,credit,Apple,success,web,Hyderabad
T00375,C0031,2024-01-05,15:04:05,134944.48,debit,Flipkart,success,web,Mumbai
T00376,C0032,2024-02-11,05:33:21,106360.32,credit,Amazon,success,tablet,Hyderabad
T00377,C0092,2024-02-06,13:30:01,42578.93,debit,Apple,success,tablet,Chennai
T00378,C0058,2024-03-02,03:55:53,165183.71,credit,Apple,success,tablet,Hyderabad
T00379,C0039,2024-03-08,03:41:24,78503.7,credit,Myntra,failed,mobile,Bangalore
T00380,C0008,2024-04-03,21:53:17,30418.31,debit,Zomato,success,web,Pune
T00381,C0022,2024-03-09,22:01:19,40236.1,debit,Uber,success,tablet,Hyderabad
T00382,C0026,2024-04-30,14:49:44,15341.28,credit,Myntra,success,mobile,Delhi
T00383,C0080,2024-04-17,00:16:27,137370.61,credit,Ajio,failed,mobile,Pune
T00384,C0071,2024-03-14,13:34:55,182003.96,credit,Flipkart,success,web,Bangalore
T00385,C0009,2024-01-02,05:12:07,185111.68,credit,Ajio,success,web,Kolkata
T00386,C0097,2024-01-09,22:51:30,68245.43,debit,BigBasket,success,web,Kolkata
T00387,C0059,2024-03-10,08:45:29,148239.09,credit,Ajio,failed,tablet,Delhi
T00388,C0003,2024-02-28,14:11:09,191894.45,debit,Myntra,success,mobile,Chennai
T00389,C0068,2024-04-17,04:04:53,28638.84,debit,Amazon,success,tablet,Delhi
T00390,C0059,2024-04-13,05:23:50,129004.05,debit,Myntra,success,tablet,Chennai
T00391,C0071,2024-02-09,03:31:53,124128.19,credit,Apple,failed,tablet,Delhi
T00392,C0078,2024-03-01,16:28:09,186016.1,debit,Uber,success,tablet,Jaipur
T00393,C0008,2024-01-04,07:18:23,45545.81,debit,Swiggy,success,mobile,Mumbai
T00394,C0099,2024-01-03,22:45:38,36685.75,debit,Flipkart,success,web,Bangalore
T00395,C0091,2024-03-09,22:45:01,46424.97,debit,Apple,success,mobile,Chennai
T00396,C0073,2024-02-15,19:59:39,72986.07,debit,Zomato,success,web,Jaipur
T00397,C0014,2024-04-08,22:21:44,174096.56,credit,Flipkart,success,tablet,Mumbai
T00398,C0059,2024-04-15,09:24:40,157951.22,debit,Amazon,success,mobile,Chennai
T00399,C0021,2024-01-16,21:50:35,51786.32,debit,BigBasket,success,web,Delhi
T00400,C0024,2024-03-06,13:02:16,191821.03,credit,Reliance Digital,failed,mobile,Jaipur
T00401,C0050,2024-04-25,03:33:09,162896.08,credit,Apple,failed,mobile,Jaipur
T00402,C0075,2024-02-25,12:08:07,112941.08,credit,Reliance Digital,success,mobile,Mumbai
T00403,C0095,2024-02-14,10:53:56,115866.45,credit,Flipkart,success,web,Hyderabad
T00404,C0062,2024-01-10,01:29:48,33342.09,debit,Zomato,success,web,Kolkata
T00405,C0011,2024-02-06,17:44:15,175326.63,credit,Swiggy,success,mobile,Chennai
T00406,C0005,2024-04-26,18:37:39,13746.13,debit,Zomato,success,mobile,Bangalore
T00407,C0065,2024-01-18,04:03:04,53326.18,debit,Reliance Digital,success,web,Hyderabad
T00408,C0053,2024-03-19,21:06:50,52319.76,debit,Myntra,success,web,Chennai
T00409,C0007,2024-04-14,10:45:18,19624.04,credit,Myntra,success,mobile,Chennai
T00410,C0098,2024-03-12,18:05:49,174134.45,credit,Flipkart,failed,web,Kolkata
T00411,C0096,2024-01-09,15:20:29,166051.58,debit,Myntra,success,mobile,Mumbai
T00412,C0082,2024-03-29,16:53:06,41364.37,debit,Uber,success,tablet,Jaipur
T00413,C0081,2024-02-23,08:57:22,196828.52,credit,Zomato,success,tablet,Delhi
T00414,C0057,2024-03-17,09:00:30,9781.3,debit,Flipkart,success,tablet,Chennai
T00415,C0029,2024-01-03,10:01:18,160565.01,credit,Ajio,success,mobile,Mumbai
T00416,C0023,2024-04-14,09:39:15,183013.45,credit,Apple,success,web,Jaipur
T00417,C0098,2024-01-08,17:00:51,179814.7,debit,Swiggy,success,mobile,Mumbai
T00418,C0051,2024-01-03,00:39:57,182226.67,credit,Amazon,success,web,Kolkata
T00419,C0084,2024-03-05,03:12:05,61855.13,debit,Myntra,success,tablet,Jaipur
T00420,C0006,2024-01-28,07:11:53,113771.04,credit,Myntra,success,web,Hyderabad
T00421,C0045,2024-01-24,03:18:57,188630.2,credit,BigBasket,success,web,Delhi
T00422,C0091,2024-02-22,05:50:17,191007.24,debit,Apple,success,tablet,Kolkata
T00423,C0091,2024-03-27,16:15:40,103599.08,credit,BigBasket,failed,web,Bangalore
T00424,C0063,2024-03-16,10:13:04,194022.12,credit,Amazon,success,web,Kolkata
T00425,C0054,2024-01-08,01:47:13,41439.97,debit,Swiggy,success,web,Jaipur
T00426,C0031,2024-01-05,03:17:24,152452.58,debit,Reliance Digital,failed,tablet,Chennai
T00427,C0084,2024-01-25,03:31:24,66539.96,credit,Flipkart,success,web,Hyderabad
T00428,C0038,2024-04-06,01:50:03,5554.9,debit,Myntra,success,mobile,Mumbai
T00429,C0003,2024-04-24,09:20:45,127616.11,debit,Reliance Digital,success,tablet,Pune
T00430,C0053,2024-04-24,14:41:03,159241.83,credit,Ajio,success,tablet,Jaipur
T00431,C0043,2024-03-01,19:14:02,151398.34,debit,BigBasket,success,web,Jaipur
T00432,C0077,2024-01-08,05:42:24,148235.42,credit,Apple,success,web,Pune
T00433,C0006,2024-01-05,18:54:50,163768.32,debit,Reliance Digital,success,tablet,Chennai
T00434,C0078,2024-01-22,02:35:57,88735.12,debit,BigBasket,success,tablet,Delhi
T00435,C0060,2024-02-18,04:39:21,88702.16,debit,Uber,success,mobile,Kolkata
T00436,C0089,2024-02-11,03:00:33,162945.57,debit,Reliance Digital,success,tablet,Delhi
T00437,C0023,2024-02-21,08:54:50,86958.07,credit,Reliance Digital,success,mobile,Mumbai
T00438,C0032,2024-04-17,04:29:30,132273.06,debit,Reliance Digital,success,tablet,Chennai
T00439,C0058,2024-01-21,08:22:17,31530.07,debit,Swiggy,success,mobile,Pune
T00440,C0086,2024-04-29,03:30:08,176643.22,credit,Flipkart,success,tablet,Jaipur
T00441,C0047,2024-04-20,18:22:58,86851.82,debit,Swiggy,success,tablet,Kolkata
T00442,C0039,2024-04-02,07:15:47,156968.79,debit,Swiggy,success,tablet,Bangalore
T00443,C0018,2024-02-14,19:53:59,95897.68,debit,Apple,success,tablet,Hyderabad
T00444,C0099,2024-01-07,14:34:44,35175.11,credit,Uber,success,web,Delhi
T00445,C0062,2024-01-13,00:04:45,16231.06,credit,Zomato,success,web,Hyderabad
T00446,C0072,2024-01-22,15:47:42,80099.43,debit,BigBasket,success,mobile,Hyderabad
T00447,C0039,2024-04-17,22:26:55,97447.77,debit,Apple,success,mobile,Chennai
T00448,C0050,2024-04-01,11:59:33,123808.32,debit,Uber,success,mobile,Chennai
T00449,C0020,2024-03-02,09:01:33,29176.0,debit,Flipkart,success,tablet,Pune
T00450,C0017,2024-02-14,21:19:32,12869.26,debit,Flipkart,success,web,Hyderabad
T00451,C0031,2024-03-29,22:03:44,118919.97,debit,Swiggy,failed,tablet,Jaipur
T00452,C0053,2024-04-27,09:26:39,7493.95,credit,Uber,success,web,Jaipur
T00453,C0096,2024-04-26,15:57:40,166512.56,credit,Reliance Digital,success,tablet,Mumbai
T00454,C0005,2024-04-18,20:55:37,57841.63,credit,Uber,success,mobile,Mumbai
T00455,C0093,2024-04-14,09:04:20,196176.45,debit,Ajio,success,web,Bangalore
T00456,C0032,2024-01-14,22:10:44,40119.87,credit,BigBasket,failed,mobile,Pune
T00457,C0100,2024-02-04,15:14:11,196514.96,credit,Swiggy,failed,web,Pune
T00458,C0084,2024-03-20,05:46:15,161378.64,credit,Zomato,success,web,Hyderabad
T00459,C0098,2024-02-09,15:55:11,159128.22,credit,Ajio,success,tablet,Kolkata
T00460,C0033,2024-04-06,13:56:01,187026.42,debit,Myntra,success,tablet,Delhi
T00461,C0071,2024-02-09,20:41:29,18421.94,credit,Amazon,success,tablet,Hyderabad
T00462,C0046,2024-03-26,23:42:39,36309.5,debit,Apple,success,tablet,Bangalore
T00463,C0013,2024-02-11,19:17:20,74050.12,debit,Apple,success,mobile,Pune
T00464,C0051,2024-02-22,11:36:17,104700.32,debit,Uber,failed,mobile,Hyderabad
T00465,C0017,2024-02-12,02:12:26,144628.71,debit,Flipkart,success,mobile,Delhi
T00466,C0096,2024-02-12,17:33:53,148782.34,credit,Ajio,success,tablet,Hyderabad
T00467,C0097,2024-03-26,11:53:52,180849.2,debit,Flipkart,success,web,Hyderabad
T00468,C0068,2024-01-21,07:10:35,126441.97,debit,BigBasket,success,tablet,Bangalore
T00469,C0014,2024-01-20,09:26:08,62192.21,credit,Reliance Digital,success,web,Hyderabad
T00470,C0064,2024-03-18,17:29:37,65945.53,debit,Uber,success,tablet,Delhi
T00471,C0039,2024-03-09,14:48:07,112198.28,debit,Reliance Digital,success,tablet,Chennai
T00472,C0051,2024-02-28,14:37:50,121875.11,credit,Ajio,success,web,Delhi
T00473,C0016,2024-02-26,09:03:38,139201.45,debit,Ajio,success,mobile,Kolkata
T00474,C0034,2024-03-17,22:00:28,47859.41,credit,Apple,success,mobile,Mumbai
T00475,C0086,2024-03-24,13:23:56,102072.59,debit,Reliance Digital,failed,web,Kolkata
T00476,C0022,2024-04-08,02:07:51,185164.29,debit,Ajio,success,mobile,Delhi
T00477,C0010,2024-03-29,20:06:21,166618.48,debit,Flipkart,success,mobile,Jaipur
T00478,C0033,2024-04-07,04:00:32,111392.82,debit,Zomato,success,web,Hyderabad
T00479,C0025,2024-01-14,06:58:46,105640.09,credit,Swiggy,success,mobile,Pune
T00480,C0045,2024-02-12,04:28:09,180609.59,debit,Reliance Digital,success,tablet,Bangalore
T00481,C0062,2024-02-16,11:27:03,80689.58,credit,Reliance Digital,success,tablet,Chennai
T00482,C0031,2024-03-30,18:19:15,67178.37,debit,Swiggy,success,mobile,Pune
T00483,C0034,2024-02-15,07:59:06,130593.37,debit,Myntra,success,mobile,Bangalore
T00484,C0021,2024-04-22,17:08:53,25671.3,credit,Swiggy,success,mobile,Chennai
T00485,C0014,2024-02-10,13:22:58,191856.65,debit,Uber,success,web,Bangalore
T00486,C0094,2024-01-05,17:10:04,6950.65,debit,BigBasket,failed,mobile,Jaipur
T00487,C0098,2024-04-17,06:55:52,133164.99,debit,Swiggy,success,tablet,Chennai
T00488,C0006,2024-02-25,17:54:38,2918.89,debit,Apple,success,tablet,Kolkata
T00489,C0061,2024-01-23,09:32:38,119336.41,debit,Swiggy,success,tablet,Mumbai
T00490,C0020,2024-04-28,04:01:16,102984.29,credit,Apple,success,mobile,Chennai
T00491,C0091,2024-01-16,01:06:20,31094.15,debit,Reliance Digital,success,web,Chennai
T00492,C0061,2024-03-19,03:36:31,102527.49,credit,Flipkart,failed,web,Bangalore
T00493,C0033,2024-01-28,04:22:03,19740.57,debit,Apple,success,web,Bangalore
T00494,C0026,2024-03-31,22:34:05,174263.32,credit,Zomato,success,web,Mumbai
T00495,C0037,2024-04-26,10:36:27,127874.17,debit,Ajio,success,tablet,Bangalore
T00496,C0033,2024-02-06,15:59:34,169022.17,debit,Zomato,success,tablet,Pune
T00497,C0026,2024-03-20,08:12:54,104975.37,debit,Amazon,success,mobile,Mumbai
T00498,C0093,2024-03-23,16:41:08,150341.08,debit,Myntra,success,web,Jaipur
T00499,C0002,2024-01-19,16:44:51,74737.1,credit,Apple,success,tablet,Kolkata
T00500,C0077,2024-02-05,10:48:51,190139.51,debit,Myntra,success,tablet,Bangalore
